ID,Age,Gender,Persona,Feature,Sessions_per_week,DAU_7d,Retention_30d,Feature_Adoption,Satisfaction
1,32,M,Working_Adult,Edu_Content,4,3,0.876,0.576,4
2,61,F,Multi_Morbidity,Symptom_Diary,7,7,0.946,0.428,4
3,66,M,Senior,Refill_Reminder,3,3,0.638,0.319,4
4,43,M,Working_Adult,Edu_Content,3,3,0.757,0.501,4
5,29,M,Working_Adult,BP_Log,2,2,0.539,0.666,4
6,44,M,Working_Adult,Reminder,1,0,0.63,0.653,3
7,58,F,Senior,Reminder,6,6,0.856,0.554,4
8,64,F,Senior,Edu_Content,5,5,0.763,0.311,4
9,37,M,Working_Adult,Edu_Content,3,3,0.567,0.521,4
10,35,M,Working_Adult,Edu_Content,5,4,0.87,0.492,5
11,66,F,Senior,Symptom_Diary,5,5,0.867,0.348,4
12,60,M,Working_Adult,Symptom_Diary,3,2,0.69,0.347,4
13,56,M,Multi_Morbidity,Reminder,7,7,0.978,0.513,4
14,50,M,Multi_Morbidity,BP_Log,4,4,0.719,0.453,4
15,41,M,Working_Adult,BP_Log,4,3,0.735,0.622,3
16,74,F,Senior,Reminder,7,6,0.972,0.641,4
17,25,F,Working_Adult,Edu_Content,5,5,0.832,0.529,4
18,43,M,Working_Adult,Reminder,1,1,0.647,0.579,3
19,65,M,Senior,Symptom_Diary,4,3,0.75,0.383,2
20,32,M,Working_Adult,Symptom_Diary,5,5,0.817,0.726,3
21,81,F,Multi_Morbidity,Symptom_Diary,3,2,0.745,0.472,4
22,62,F,Senior,Reminder,3,2,0.805,0.592,4
23,60,F,Multi_Morbidity,Reminder,3,3,0.704,0.581,5
24,66,F,Senior,Teleconsult,8,7,0.874,0.647,4
25,42,F,Working_Adult,BP_Log,3,2,0.654,0.543,4
26,62,F,Multi_Morbidity,BP_Log,8,7,0.963,0.694,5
27,74,F,Senior,Refill_Reminder,7,6,0.933,0.389,5
28,23,M,Working_Adult,Edu_Content,4,3,0.865,0.28,4
29,36,M,Working_Adult,Reminder,4,4,0.897,0.646,3
30,50,M,Working_Adult,Refill_Reminder,6,6,0.918,0.749,3
31,36,F,Working_Adult,BP_Log,4,3,0.72,0.633,2
32,54,M,Multi_Morbidity,Reminder,5,4,0.874,0.515,4
33,61,M,Senior,Reminder,0,0,0.325,0.311,2
34,52,M,Multi_Morbidity,Refill_Reminder,4,4,0.869,0.632,4
35,55,F,Senior,Reminder,5,5,0.903,0.38,3
36,57,F,Senior,Edu_Content,5,4,0.873,0.598,5
37,63,F,Senior,BP_Log,2,2,0.729,0.449,4
38,34,F,Working_Adult,Symptom_Diary,1,1,0.768,0.385,5
39,42,M,Working_Adult,Edu_Content,5,4,0.925,0.497,4
40,57,M,Multi_Morbidity,Edu_Content,4,4,0.879,0.6,4
41,62,F,Senior,Edu_Content,2,2,0.641,0.527,3
42,36,Other,Working_Adult,Edu_Content,5,5,0.888,0.565,5
43,69,Other,Senior,Symptom_Diary,5,4,0.939,0.501,4
44,61,F,Senior,Reminder,4,3,0.738,0.398,4
45,38,M,Working_Adult,Reminder,4,3,0.872,0.844,4
46,32,F,Working_Adult,BP_Log,2,1,0.713,0.59,3
47,68,F,Senior,Refill_Reminder,3,3,0.743,0.312,3
48,48,M,Working_Adult,Refill_Reminder,6,6,0.888,0.37,5
49,59,M,Multi_Morbidity,Edu_Content,2,1,0.758,0.358,4
50,62,M,Multi_Morbidity,Reminder,5,4,0.849,0.665,4
51,43,M,Working_Adult,Edu_Content,2,2,0.638,0.367,4
52,43,F,Working_Adult,Teleconsult,5,4,0.777,0.238,3
53,49,F,Multi_Morbidity,BP_Log,6,6,0.803,0.448,4
54,72,F,Multi_Morbidity,BP_Log,2,1,0.723,0.446,5
55,28,M,Working_Adult,BP_Log,3,2,0.45,0.487,4
56,35,F,Working_Adult,Reminder,3,2,0.762,0.597,5
57,48,M,Working_Adult,Edu_Content,4,4,0.815,0.419,4
58,50,F,Senior,Reminder,2,1,0.817,0.526,4
59,63,F,Senior,Edu_Content,3,3,0.677,0.504,4
60,31,F,Working_Adult,BP_Log,4,4,0.705,0.42,5
61,68,F,Senior,BP_Log,2,2,0.751,0.583,5
62,54,M,Senior,Reminder,3,3,0.916,0.662,5
63,33,F,Working_Adult,Refill_Reminder,5,4,0.921,0.523,5
64,67,F,Senior,BP_Log,1,0,0.775,0.396,5
65,65,M,Senior,Reminder,3,3,0.782,0.544,5
66,40,M,Working_Adult,Teleconsult,3,2,0.733,0.27,4
67,57,M,Multi_Morbidity,Reminder,8,7,0.963,0.562,4
68,41,F,Working_Adult,Reminder,5,4,0.836,0.773,3
69,40,F,Working_Adult,BP_Log,4,3,0.734,0.51,4
70,75,F,Senior,Refill_Reminder,6,5,0.932,0.385,4
71,46,F,Working_Adult,Reminder,1,1,0.613,0.318,3
72,63,M,Senior,Reminder,3,2,0.811,0.544,3
73,58,F,Multi_Morbidity,Reminder,8,7,0.961,0.749,3
74,51,M,Multi_Morbidity,Reminder,5,5,0.888,0.416,4
75,51,M,Working_Adult,Reminder,2,2,0.709,0.46,4
76,69,M,Senior,Teleconsult,3,2,0.655,0.382,4
77,38,F,Working_Adult,BP_Log,3,3,0.901,0.69,5
78,31,F,Working_Adult,Reminder,3,2,0.823,0.694,4
79,46,M,Senior,Edu_Content,4,3,0.93,0.412,4
80,51,M,Working_Adult,BP_Log,1,1,0.525,0.386,3
81,40,F,Working_Adult,Edu_Content,5,4,0.888,0.523,3
82,68,M,Senior,Reminder,8,7,0.966,0.758,5
83,40,M,Working_Adult,BP_Log,4,3,0.822,0.68,5
84,56,F,Senior,Edu_Content,4,4,0.859,0.43,4
85,61,M,Multi_Morbidity,Edu_Content,8,7,0.971,0.47,4
86,63,F,Multi_Morbidity,Symptom_Diary,11,7,0.989,0.305,4
87,64,M,Senior,BP_Log,4,4,0.928,0.655,4
88,32,F,Working_Adult,Refill_Reminder,1,1,0.872,0.578,4
89,59,F,Multi_Morbidity,Edu_Content,5,5,0.864,0.398,4
90,35,Other,Working_Adult,BP_Log,3,3,0.844,0.686,5
91,32,M,Working_Adult,Edu_Content,6,6,0.936,0.479,4
92,33,F,Working_Adult,Reminder,2,2,0.841,0.518,4
93,51,M,Senior,BP_Log,4,4,0.85,0.589,5
94,25,F,Working_Adult,Edu_Content,1,0,0.673,0.374,4
95,46,F,Working_Adult,Edu_Content,5,4,0.827,0.426,3
96,33,M,Working_Adult,Edu_Content,0,0,0.33,0.376,2
97,58,M,Senior,Edu_Content,4,4,0.849,0.374,4
98,62,M,Senior,Reminder,4,3,0.956,0.832,4
99,50,F,Working_Adult,Reminder,2,1,0.586,0.469,3
100,42,M,Working_Adult,Reminder,3,2,0.431,0.333,3
101,57,M,Multi_Morbidity,BP_Log,3,3,0.853,0.617,4
102,48,F,Multi_Morbidity,Refill_Reminder,4,3,0.924,0.544,5
103,51,F,Working_Adult,BP_Log,6,6,0.88,0.636,4
104,63,F,Senior,Reminder,5,5,0.907,0.5,5
105,50,M,Working_Adult,Reminder,2,1,0.786,0.744,4
106,24,F,Working_Adult,BP_Log,0,0,0.379,0.58,4
107,45,F,Working_Adult,Reminder,7,6,0.93,0.35,4
108,22,M,Working_Adult,BP_Log,2,1,0.653,0.647,4
109,75,F,Senior,BP_Log,5,5,0.918,0.716,3
110,68,F,Senior,Reminder,7,7,0.946,0.504,4
111,32,M,Working_Adult,Reminder,3,3,0.754,0.395,5
112,61,M,Senior,Symptom_Diary,3,2,0.749,0.523,4
113,68,M,Multi_Morbidity,Edu_Content,11,7,0.959,0.45,4
114,57,M,Senior,BP_Log,3,3,0.872,0.325,4
115,44,M,Working_Adult,Reminder,1,0,0.672,0.48,4
116,39,F,Working_Adult,Edu_Content,4,4,0.909,0.738,5
117,38,M,Working_Adult,Reminder,4,3,0.832,0.689,4
118,54,F,Senior,BP_Log,5,4,0.929,0.433,4
119,77,F,Senior,Teleconsult,5,5,0.914,0.746,5
120,46,M,Working_Adult,Reminder,5,4,0.844,0.388,5
121,24,M,Working_Adult,Reminder,2,2,0.766,0.604,4
122,45,F,Working_Adult,Reminder,2,2,0.669,0.476,3
123,37,F,Working_Adult,Edu_Content,5,5,0.877,0.445,2
124,53,F,Working_Adult,Reminder,3,3,0.702,0.575,5
125,26,Other,Working_Adult,Symptom_Diary,4,3,0.791,0.214,4
126,46,M,Working_Adult,Reminder,7,7,0.965,0.587,4
127,59,F,Senior,Reminder,2,1,0.602,0.385,3
128,68,F,Senior,Refill_Reminder,4,4,0.806,0.33,4
129,40,M,Working_Adult,Edu_Content,3,2,0.68,0.154,4
130,43,F,Working_Adult,Reminder,3,2,0.599,0.495,3
131,34,Other,Working_Adult,BP_Log,5,5,0.823,0.429,5
132,65,M,Senior,Edu_Content,3,3,0.781,0.339,5
133,60,F,Multi_Morbidity,Reminder,7,6,0.902,0.454,4
134,65,M,Senior,Edu_Content,7,6,0.914,0.291,4
135,38,M,Working_Adult,Refill_Reminder,4,4,0.812,0.259,4
136,49,M,Multi_Morbidity,BP_Log,6,5,0.907,0.408,4
137,28,M,Working_Adult,Edu_Content,1,1,0.457,0.297,4
138,67,M,Senior,Reminder,4,4,0.775,0.434,3
139,36,F,Working_Adult,Reminder,0,0,0.527,0.491,2
140,53,F,Working_Adult,Edu_Content,4,3,0.706,0.456,4
141,53,F,Multi_Morbidity,Reminder,2,2,0.782,0.685,4
142,40,M,Working_Adult,Teleconsult,5,4,0.788,0.447,4
143,72,M,Senior,BP_Log,4,3,0.786,0.507,3
144,47,M,Working_Adult,Symptom_Diary,4,4,0.682,0.394,3
145,31,F,Working_Adult,BP_Log,5,4,0.909,0.734,3
146,32,M,Working_Adult,Reminder,6,6,0.946,0.636,3
147,65,M,Senior,Edu_Content,2,2,0.664,0.367,4
148,37,M,Working_Adult,Reminder,6,5,0.916,0.599,4
149,65,M,Multi_Morbidity,Symptom_Diary,11,7,0.988,0.52,4
150,38,M,Working_Adult,Reminder,2,2,0.475,0.37,2
151,32,F,Working_Adult,Reminder,3,3,0.724,0.467,5
152,55,F,Senior,BP_Log,3,3,0.836,0.525,4
153,69,M,Senior,Edu_Content,6,5,0.907,0.641,4
154,41,M,Working_Adult,Edu_Content,3,3,0.425,0.284,3
155,54,F,Senior,Reminder,4,4,0.826,0.461,4
156,61,M,Multi_Morbidity,Symptom_Diary,5,4,0.762,0.432,3
157,26,F,Working_Adult,BP_Log,4,4,0.749,0.552,5
158,73,F,Senior,Teleconsult,6,6,0.826,0.254,3
159,76,M,Senior,Reminder,7,7,0.928,0.523,4
160,43,F,Working_Adult,Reminder,3,2,0.885,0.563,3
161,26,F,Working_Adult,Reminder,4,4,0.838,0.565,4
162,30,M,Working_Adult,Refill_Reminder,0,0,0.537,0.536,4
163,39,M,Working_Adult,Refill_Reminder,1,0,0.407,0.45,4
164,57,M,Senior,BP_Log,4,3,0.892,0.791,4
165,67,M,Senior,BP_Log,7,7,0.942,0.757,5
166,64,F,Senior,Edu_Content,4,3,0.82,0.7,3
167,63,F,Multi_Morbidity,Teleconsult,2,1,0.822,0.763,5
168,43,M,Multi_Morbidity,Edu_Content,5,5,0.892,0.586,5
169,61,F,Senior,Reminder,1,1,0.593,0.396,4
170,58,F,Senior,Reminder,7,7,0.959,0.623,4
171,40,M,Working_Adult,Reminder,4,4,0.832,0.693,4
172,32,F,Working_Adult,Reminder,1,0,0.677,0.659,4
173,40,F,Working_Adult,Teleconsult,3,3,0.745,0.417,5
174,42,M,Working_Adult,Reminder,6,6,0.952,0.638,4
175,79,M,Multi_Morbidity,Edu_Content,3,2,0.823,0.412,3
176,59,F,Multi_Morbidity,BP_Log,4,3,0.913,0.756,5
177,80,M,Senior,Refill_Reminder,4,3,0.859,0.476,4
178,61,F,Senior,Edu_Content,4,3,0.922,0.414,4
179,58,F,Senior,Reminder,4,4,0.827,0.535,4
180,47,M,Working_Adult,Refill_Reminder,2,2,0.779,0.515,5
181,58,F,Senior,Edu_Content,8,7,0.985,0.54,4
182,32,F,Working_Adult,Edu_Content,1,0,0.557,0.415,3
183,71,M,Senior,Symptom_Diary,2,2,0.65,0.331,4
184,57,F,Multi_Morbidity,BP_Log,7,6,0.941,0.617,5
185,67,M,Senior,BP_Log,2,2,0.769,0.659,2
186,75,M,Senior,BP_Log,4,4,0.897,0.644,5
187,28,F,Working_Adult,Reminder,3,2,0.687,0.46,4
188,58,F,Senior,Symptom_Diary,6,5,0.952,0.504,4
189,42,F,Working_Adult,BP_Log,3,2,0.496,0.551,4
190,69,F,Multi_Morbidity,Edu_Content,3,3,0.757,0.361,5
191,70,F,Senior,Symptom_Diary,2,2,0.627,0.304,3
192,68,M,Senior,Edu_Content,6,5,0.965,0.659,4
193,43,F,Working_Adult,Reminder,2,1,0.624,0.418,4
194,61,M,Senior,Reminder,10,7,0.983,0.735,3
195,54,M,Senior,BP_Log,3,2,0.85,0.496,4
196,33,F,Working_Adult,Reminder,3,2,0.647,0.739,3
197,68,M,Multi_Morbidity,BP_Log,5,4,0.968,0.736,4
198,52,F,Working_Adult,Reminder,4,4,0.691,0.399,4
199,63,M,Senior,BP_Log,4,3,0.909,0.692,4
200,67,M,Senior,BP_Log,4,3,0.704,0.449,4
201,59,F,Senior,Reminder,8,7,0.973,0.625,4
202,50,M,Multi_Morbidity,BP_Log,1,0,0.754,0.563,5
203,65,F,Senior,Refill_Reminder,3,3,0.503,0.405,3
204,43,F,Working_Adult,BP_Log,1,1,0.802,0.66,4
205,37,F,Working_Adult,Reminder,2,1,0.824,0.551,4
206,38,M,Working_Adult,Reminder,1,0,0.75,0.334,4
207,61,F,Senior,Reminder,5,4,0.756,0.496,4
208,61,F,Multi_Morbidity,Edu_Content,3,3,0.663,0.662,4
209,39,M,Working_Adult,BP_Log,3,3,0.835,0.729,4
210,71,M,Multi_Morbidity,Symptom_Diary,4,3,0.921,0.547,4
211,42,F,Working_Adult,BP_Log,3,2,0.812,0.591,5
212,69,M,Multi_Morbidity,Edu_Content,9,7,0.981,0.405,4
213,48,F,Working_Adult,Edu_Content,3,3,0.663,0.348,2
214,39,F,Working_Adult,Edu_Content,4,3,0.773,0.404,5
215,59,F,Senior,BP_Log,7,6,0.933,0.68,5
216,33,M,Working_Adult,BP_Log,3,3,0.746,0.837,3
217,51,F,Multi_Morbidity,Refill_Reminder,2,1,0.574,0.299,3
218,37,F,Working_Adult,Reminder,1,0,0.669,0.471,5
219,66,F,Senior,BP_Log,4,4,0.83,0.719,3
220,53,F,Senior,Reminder,8,7,0.942,0.647,5
221,69,M,Senior,BP_Log,6,6,0.898,0.463,4
222,64,F,Senior,Reminder,7,6,0.924,0.821,4
223,71,M,Multi_Morbidity,Symptom_Diary,5,5,0.714,0.37,4
224,47,F,Working_Adult,Reminder,2,1,0.486,0.503,4
225,31,M,Working_Adult,Reminder,4,4,0.76,0.535,3
226,68,F,Senior,Edu_Content,5,5,0.886,0.414,3
227,60,M,Senior,Reminder,3,3,0.879,0.496,4
228,53,F,Multi_Morbidity,Edu_Content,4,4,0.885,0.439,5
229,34,F,Working_Adult,Symptom_Diary,1,1,0.465,0.352,3
230,36,F,Working_Adult,Reminder,2,2,0.551,0.651,4
231,49,F,Multi_Morbidity,Reminder,6,5,0.927,0.659,5
232,71,F,Senior,Edu_Content,5,4,0.899,0.396,5
233,72,M,Senior,Reminder,2,1,0.615,0.509,3
234,34,F,Working_Adult,Edu_Content,5,5,0.75,0.389,2
235,50,F,Senior,Edu_Content,3,2,0.792,0.557,4
236,40,M,Working_Adult,BP_Log,2,1,0.593,0.47,3
237,40,M,Working_Adult,Reminder,2,2,0.684,0.501,5
238,31,M,Working_Adult,Edu_Content,4,4,0.931,0.659,4
239,59,F,Senior,Symptom_Diary,7,6,0.966,0.611,4
240,53,F,Senior,Edu_Content,2,1,0.654,0.423,4
241,51,F,Working_Adult,Edu_Content,2,2,0.335,0.381,2
242,43,F,Working_Adult,Reminder,4,4,0.691,0.603,5
243,54,F,Working_Adult,Reminder,7,7,0.976,0.527,4
244,62,M,Senior,Symptom_Diary,3,2,0.866,0.447,4
245,63,F,Senior,BP_Log,4,3,0.946,0.683,3
246,54,M,Multi_Morbidity,Symptom_Diary,3,2,0.762,0.369,4
247,60,M,Senior,Refill_Reminder,6,6,0.932,0.472,3
248,60,M,Multi_Morbidity,Edu_Content,5,5,0.854,0.37,5
249,33,M,Working_Adult,Reminder,2,1,0.829,0.721,4
250,39,M,Working_Adult,Refill_Reminder,3,3,0.784,0.561,5
251,62,F,Senior,Reminder,2,2,0.556,0.575,4
252,51,F,Multi_Morbidity,Symptom_Diary,3,2,0.723,0.448,3
253,57,M,Senior,Reminder,4,3,0.901,0.464,4
254,44,M,Working_Adult,Reminder,2,2,0.771,0.555,4
255,34,F,Working_Adult,Reminder,3,3,0.676,0.532,3
256,41,M,Working_Adult,Reminder,7,7,0.913,0.606,4
257,71,M,Senior,Edu_Content,4,3,0.842,0.422,4
258,52,F,Working_Adult,Edu_Content,4,4,0.852,0.791,3
259,63,M,Senior,Reminder,6,5,0.955,0.683,4
260,27,M,Working_Adult,Reminder,1,0,0.389,0.432,3
261,44,F,Working_Adult,Edu_Content,2,2,0.628,0.321,3
262,70,M,Senior,Edu_Content,6,6,0.919,0.429,4
263,60,M,Senior,Symptom_Diary,3,2,0.922,0.565,5
264,58,F,Multi_Morbidity,BP_Log,3,2,0.681,0.624,4
265,32,M,Working_Adult,Refill_Reminder,3,3,0.68,0.554,4
266,66,M,Senior,Edu_Content,7,6,0.912,0.511,5
267,37,M,Working_Adult,Reminder,3,3,0.733,0.545,3
268,37,F,Working_Adult,Reminder,1,1,0.4,0.665,3
269,52,M,Working_Adult,Edu_Content,4,3,0.752,0.347,4
270,43,F,Working_Adult,Teleconsult,3,3,0.892,0.486,5
271,82,M,Senior,Symptom_Diary,5,4,0.926,0.6,4
272,47,F,Working_Adult,Reminder,3,3,0.82,0.584,4
273,55,F,Multi_Morbidity,BP_Log,3,2,0.716,0.609,3
274,45,M,Working_Adult,Teleconsult,3,3,0.65,0.485,4
275,64,M,Multi_Morbidity,Symptom_Diary,4,4,0.614,0.463,4
276,66,F,Senior,Teleconsult,7,7,0.943,0.397,4
277,55,F,Multi_Morbidity,Edu_Content,2,2,0.64,0.417,3
278,57,M,Senior,BP_Log,8,7,0.972,0.514,3
279,44,M,Working_Adult,Edu_Content,4,3,0.751,0.227,3
280,40,F,Working_Adult,Teleconsult,2,1,0.758,0.406,3
281,42,M,Working_Adult,Reminder,8,7,0.98,0.566,5
282,40,F,Working_Adult,Reminder,3,2,0.593,0.545,4
283,45,F,Working_Adult,Symptom_Diary,3,2,0.517,0.25,2
284,54,F,Working_Adult,Teleconsult,4,3,0.7,0.536,4
285,38,M,Working_Adult,BP_Log,7,7,0.881,0.572,3
286,65,M,Senior,Reminder,5,4,0.835,0.676,4
287,38,F,Working_Adult,Edu_Content,2,2,0.731,0.549,4
288,63,F,Senior,Reminder,1,1,0.444,0.513,3
289,66,F,Senior,Symptom_Diary,5,5,0.871,0.583,5
290,59,M,Multi_Morbidity,Teleconsult,5,4,0.844,0.538,3
291,44,M,Multi_Morbidity,Symptom_Diary,3,3,0.639,0.434,4
292,74,F,Senior,Reminder,3,3,0.795,0.594,4
293,66,M,Senior,Edu_Content,3,2,0.9,0.457,3
294,59,M,Senior,Teleconsult,3,3,0.797,0.719,4
295,49,F,Working_Adult,Reminder,3,3,0.862,0.726,4
296,34,F,Working_Adult,Reminder,5,4,0.868,0.642,4
297,33,M,Working_Adult,Edu_Content,11,7,0.962,0.498,3
298,39,M,Working_Adult,Refill_Reminder,4,3,0.857,0.642,5
299,67,M,Senior,BP_Log,4,3,0.848,0.638,3
300,32,F,Working_Adult,Reminder,4,4,0.807,0.837,5
301,40,F,Working_Adult,Edu_Content,8,7,0.858,0.237,5
302,52,M,Multi_Morbidity,Refill_Reminder,4,3,0.83,0.533,4
303,39,M,Working_Adult,Edu_Content,2,2,0.703,0.317,4
304,65,M,Senior,Refill_Reminder,4,4,0.859,0.546,4
305,68,M,Senior,Edu_Content,2,1,0.604,0.339,2
306,44,F,Multi_Morbidity,Symptom_Diary,5,4,0.852,0.394,4
307,36,M,Working_Adult,Refill_Reminder,4,3,0.853,0.506,4
308,46,M,Working_Adult,BP_Log,2,2,0.764,0.6,5
309,50,M,Multi_Morbidity,Reminder,4,3,0.805,0.454,4
310,54,F,Multi_Morbidity,Edu_Content,8,7,0.929,0.432,4
311,46,M,Working_Adult,Reminder,2,2,0.624,0.513,4
312,37,M,Working_Adult,Teleconsult,6,6,0.872,0.431,5
313,41,F,Working_Adult,Teleconsult,4,3,0.772,0.453,4
314,39,F,Working_Adult,BP_Log,3,2,0.716,0.654,4
315,55,F,Senior,Teleconsult,3,3,0.78,0.274,3
316,53,Other,Senior,Refill_Reminder,3,3,0.668,0.297,3
317,66,F,Senior,Reminder,4,3,0.838,0.509,3
318,38,F,Working_Adult,Symptom_Diary,2,2,0.486,0.495,3
319,52,F,Multi_Morbidity,Reminder,2,1,0.661,0.844,4
320,29,M,Working_Adult,Reminder,3,3,0.688,0.512,4
321,65,F,Senior,Symptom_Diary,3,3,0.621,0.248,3
322,60,M,Multi_Morbidity,Edu_Content,7,6,0.954,0.494,5
323,49,F,Working_Adult,Edu_Content,3,2,0.496,0.423,3
324,35,F,Working_Adult,Edu_Content,7,7,0.816,0.346,4
325,74,M,Senior,Reminder,4,3,0.731,0.557,3
326,32,F,Working_Adult,Edu_Content,5,5,0.895,0.389,4
327,47,F,Multi_Morbidity,BP_Log,9,7,0.981,0.807,4
328,69,M,Senior,BP_Log,8,7,0.929,0.624,4
329,44,M,Working_Adult,Refill_Reminder,5,5,0.734,0.297,4
330,36,F,Working_Adult,Reminder,2,1,0.734,0.485,4
331,61,F,Senior,BP_Log,1,1,0.62,0.678,4
332,42,M,Working_Adult,Reminder,2,1,0.672,0.531,5
333,51,Other,Multi_Morbidity,BP_Log,9,7,0.992,0.691,4
334,56,F,Senior,Edu_Content,4,3,0.768,0.491,5
335,68,F,Senior,Symptom_Diary,3,2,0.695,0.486,3
336,46,M,Working_Adult,Reminder,4,4,0.89,0.589,4
337,58,M,Senior,Reminder,3,3,0.702,0.574,4
338,64,M,Working_Adult,Edu_Content,6,5,0.928,0.645,4
339,60,M,Senior,Teleconsult,1,0,0.612,0.261,3
340,60,M,Multi_Morbidity,Edu_Content,10,7,0.938,0.51,4
341,40,F,Working_Adult,Symptom_Diary,2,1,0.826,0.333,4
342,67,F,Senior,Symptom_Diary,7,6,0.975,0.724,4
343,69,F,Senior,Refill_Reminder,5,5,0.914,0.615,5
344,51,M,Working_Adult,Symptom_Diary,1,0,0.635,0.47,5
345,65,F,Multi_Morbidity,Refill_Reminder,3,3,0.765,0.447,4
346,58,M,Senior,Refill_Reminder,5,5,0.838,0.438,4
347,34,F,Working_Adult,BP_Log,6,6,0.874,0.519,3
348,70,F,Senior,Reminder,5,5,0.866,0.571,3
349,22,M,Working_Adult,Reminder,3,3,0.737,0.6,3
350,48,M,Working_Adult,Reminder,3,2,0.838,0.497,3
351,58,M,Multi_Morbidity,Reminder,3,2,0.818,0.555,4
352,44,F,Working_Adult,Symptom_Diary,3,3,0.63,0.434,3
353,66,M,Senior,BP_Log,5,5,0.884,0.543,4
354,70,F,Senior,BP_Log,2,2,0.684,0.279,4
355,31,F,Working_Adult,Symptom_Diary,2,1,0.822,0.366,4
356,61,M,Senior,Refill_Reminder,4,4,0.727,0.283,3
357,69,M,Senior,BP_Log,6,5,0.904,0.554,5
358,70,F,Multi_Morbidity,BP_Log,4,4,0.77,0.544,3
359,61,F,Senior,Reminder,5,4,0.92,0.584,4
360,33,F,Working_Adult,BP_Log,7,7,0.879,0.62,4
361,39,F,Working_Adult,Edu_Content,3,3,0.605,0.518,3
362,51,F,Senior,Edu_Content,3,3,0.8,0.588,4
363,30,F,Working_Adult,Edu_Content,4,3,0.874,0.464,4
364,43,M,Working_Adult,Reminder,4,3,0.805,0.706,5
365,36,Other,Working_Adult,Edu_Content,6,5,0.883,0.521,5
366,34,F,Working_Adult,Reminder,7,6,0.92,0.696,5
367,57,F,Senior,BP_Log,3,2,0.87,0.665,4
368,44,M,Multi_Morbidity,Edu_Content,3,2,0.684,0.545,4
369,35,F,Working_Adult,Edu_Content,2,2,0.559,0.464,4
370,63,F,Multi_Morbidity,BP_Log,4,4,0.914,0.564,4
371,69,F,Senior,Edu_Content,4,3,0.839,0.319,3
372,62,M,Senior,Reminder,2,1,0.732,0.604,5
373,47,F,Multi_Morbidity,BP_Log,8,7,0.967,0.565,5
374,28,F,Working_Adult,Reminder,1,1,0.592,0.579,4
375,37,M,Working_Adult,Reminder,3,3,0.777,0.536,3
376,57,M,Senior,Reminder,5,5,0.964,0.48,5
377,63,M,Senior,Reminder,3,3,0.564,0.426,3
378,56,M,Senior,BP_Log,5,5,0.905,0.706,4
379,57,F,Multi_Morbidity,Reminder,6,6,0.9,0.608,4
380,61,M,Senior,Reminder,8,7,0.965,0.667,5
381,61,F,Multi_Morbidity,Reminder,5,5,0.763,0.446,4
382,47,M,Working_Adult,BP_Log,4,4,0.858,0.729,5
383,27,F,Working_Adult,Edu_Content,3,2,0.685,0.471,5
384,60,M,Senior,BP_Log,2,2,0.507,0.221,3
385,41,F,Working_Adult,Reminder,2,2,0.869,0.515,2
386,57,F,Multi_Morbidity,Refill_Reminder,3,3,0.754,0.407,4
387,45,F,Working_Adult,Reminder,3,2,0.767,0.764,4
388,33,M,Working_Adult,Reminder,3,3,0.678,0.594,5
389,73,F,Senior,Refill_Reminder,3,2,0.58,0.318,3
390,55,F,Multi_Morbidity,BP_Log,6,5,0.653,0.393,4
391,47,F,Working_Adult,Edu_Content,5,4,0.904,0.468,4
392,75,M,Senior,Reminder,5,5,0.932,0.317,4
393,55,F,Senior,Symptom_Diary,9,7,0.913,0.373,3
394,57,M,Senior,Reminder,3,2,0.852,0.545,5
395,59,M,Senior,Reminder,5,4,0.869,0.537,3
396,67,F,Senior,BP_Log,4,3,0.836,0.457,3
397,32,F,Working_Adult,BP_Log,4,3,0.855,0.567,4
398,51,F,Working_Adult,Reminder,3,3,0.726,0.447,4
399,42,M,Working_Adult,Edu_Content,5,4,0.834,0.408,3
400,66,M,Senior,Reminder,5,4,0.912,0.699,3
401,66,M,Multi_Morbidity,Reminder,4,3,0.802,0.554,4
402,44,F,Working_Adult,Reminder,3,2,0.901,0.777,5
403,45,F,Working_Adult,BP_Log,4,4,0.779,0.673,4
404,41,M,Working_Adult,BP_Log,5,5,0.899,0.43,2
405,35,M,Working_Adult,Edu_Content,3,2,0.646,0.648,4
406,65,M,Senior,Reminder,7,6,0.914,0.606,4
407,35,M,Working_Adult,Reminder,4,3,0.66,0.447,5
408,61,F,Senior,Teleconsult,8,7,0.966,0.45,3
409,45,F,Working_Adult,Reminder,3,2,0.726,0.415,3
410,27,F,Working_Adult,Edu_Content,2,1,0.758,0.42,4
411,70,F,Senior,Reminder,4,4,0.803,0.696,4
412,42,M,Working_Adult,Symptom_Diary,5,4,0.881,0.619,4
413,69,F,Senior,BP_Log,1,0,0.803,0.635,3
414,29,M,Working_Adult,Refill_Reminder,3,3,0.813,0.39,5
415,32,F,Working_Adult,BP_Log,2,2,0.689,0.657,4
416,38,M,Working_Adult,Symptom_Diary,1,1,0.687,0.49,4
417,67,F,Senior,BP_Log,3,2,0.846,0.715,4
418,58,M,Multi_Morbidity,Symptom_Diary,5,4,0.619,0.448,3
419,53,M,Senior,BP_Log,9,7,0.911,0.525,4
420,73,M,Senior,Symptom_Diary,7,6,0.97,0.355,4
421,72,M,Senior,Edu_Content,1,1,0.606,0.78,4
422,39,M,Working_Adult,Reminder,1,0,0.694,0.589,5
423,64,M,Senior,Reminder,4,4,0.726,0.572,3
424,55,M,Senior,Edu_Content,4,4,0.901,0.614,5
425,52,M,Senior,Edu_Content,9,7,0.944,0.441,4
426,56,M,Multi_Morbidity,BP_Log,5,4,0.924,0.727,4
427,72,F,Senior,Edu_Content,4,4,0.891,0.533,4
428,50,F,Multi_Morbidity,Refill_Reminder,5,4,0.849,0.541,3
429,36,M,Working_Adult,Edu_Content,2,1,0.705,0.456,3
430,69,F,Senior,Reminder,4,3,0.831,0.511,4
431,34,M,Working_Adult,Refill_Reminder,4,4,0.739,0.556,3
432,56,F,Multi_Morbidity,Edu_Content,8,7,0.987,0.665,4
433,62,F,Multi_Morbidity,Symptom_Diary,3,3,0.817,0.527,5
434,41,F,Working_Adult,Reminder,3,3,0.777,0.611,4
435,46,Other,Working_Adult,Reminder,0,0,0.437,0.318,3
436,53,F,Multi_Morbidity,Edu_Content,5,5,0.934,0.684,5
437,60,F,Senior,Reminder,5,5,0.838,0.52,4
438,70,Other,Senior,Reminder,3,2,0.65,0.356,4
439,61,F,Multi_Morbidity,Refill_Reminder,8,7,0.922,0.474,4
440,49,M,Working_Adult,Reminder,5,5,0.821,0.713,4
441,63,F,Multi_Morbidity,Edu_Content,3,3,0.817,0.29,3
442,60,M,Senior,Reminder,1,1,0.679,0.39,4
443,52,M,Multi_Morbidity,Edu_Content,8,7,0.973,0.545,5
444,57,M,Senior,Refill_Reminder,4,3,0.779,0.434,4
445,41,M,Working_Adult,BP_Log,2,1,0.676,0.486,5
446,45,M,Working_Adult,Reminder,4,4,0.869,0.535,4
447,67,F,Senior,Reminder,2,2,0.626,0.559,3
448,41,M,Working_Adult,Edu_Content,4,3,0.756,0.421,4
449,45,F,Working_Adult,Reminder,3,2,0.797,0.605,4
450,59,M,Senior,Reminder,9,7,0.963,0.456,5
451,65,F,Multi_Morbidity,Symptom_Diary,1,0,0.569,0.344,4
452,43,M,Working_Adult,Teleconsult,2,2,0.512,0.474,3
453,68,F,Multi_Morbidity,Edu_Content,5,4,0.857,0.519,3
454,66,M,Senior,Refill_Reminder,1,0,0.544,0.439,4
455,50,M,Multi_Morbidity,Edu_Content,7,7,0.961,0.631,5
456,31,M,Working_Adult,Edu_Content,3,2,0.83,0.338,4
457,63,M,Senior,Edu_Content,2,1,0.558,0.218,4
458,22,F,Multi_Morbidity,BP_Log,7,7,0.961,0.644,4
459,44,Other,Working_Adult,Refill_Reminder,7,6,0.906,0.404,3
460,40,F,Working_Adult,Refill_Reminder,5,4,0.802,0.448,4
461,61,M,Multi_Morbidity,BP_Log,5,5,0.909,0.827,4
462,44,F,Multi_Morbidity,BP_Log,6,6,0.953,0.864,4
463,52,F,Senior,BP_Log,3,2,0.815,0.602,4
464,45,M,Senior,Refill_Reminder,2,1,0.771,0.364,4
465,45,F,Working_Adult,Symptom_Diary,1,0,0.68,0.355,3
466,40,F,Working_Adult,Edu_Content,2,1,0.465,0.499,4
467,70,F,Senior,Reminder,4,4,0.879,0.647,5
468,51,F,Multi_Morbidity,Edu_Content,2,2,0.825,0.709,4
469,55,F,Multi_Morbidity,Edu_Content,5,4,0.929,0.775,5
470,71,M,Senior,Edu_Content,3,2,0.848,0.632,4
471,72,M,Senior,Teleconsult,3,2,0.766,0.39,3
472,36,M,Working_Adult,Edu_Content,3,3,0.662,0.402,3
473,43,F,Working_Adult,BP_Log,1,0,0.656,0.518,4
474,30,F,Working_Adult,Reminder,3,3,0.697,0.503,3
475,41,F,Working_Adult,BP_Log,5,5,0.899,0.599,5
476,69,F,Senior,Reminder,7,6,0.967,0.597,5
477,67,F,Multi_Morbidity,Reminder,2,2,0.837,0.516,4
478,59,M,Multi_Morbidity,Reminder,2,2,0.648,0.49,5
479,67,M,Multi_Morbidity,Reminder,6,6,0.978,0.805,5
480,56,F,Multi_Morbidity,Reminder,2,2,0.708,0.511,4
481,62,F,Senior,BP_Log,3,3,0.827,0.532,4
482,59,F,Multi_Morbidity,Reminder,5,5,0.93,0.588,5
483,67,M,Senior,BP_Log,4,4,0.719,0.673,3
484,35,F,Multi_Morbidity,BP_Log,2,2,0.614,0.935,5
485,35,M,Working_Adult,Edu_Content,2,1,0.657,0.569,3
486,57,F,Multi_Morbidity,Symptom_Diary,4,3,0.823,0.491,4
487,58,F,Multi_Morbidity,BP_Log,3,2,0.847,0.541,2
488,63,M,Senior,Reminder,4,4,0.699,0.484,4
489,65,M,Senior,Edu_Content,7,6,0.935,0.273,4
490,58,M,Senior,Symptom_Diary,6,6,0.845,0.544,4
491,35,F,Working_Adult,Refill_Reminder,4,3,0.835,0.434,3
492,54,F,Working_Adult,Symptom_Diary,3,2,0.786,0.356,4
493,37,F,Working_Adult,Refill_Reminder,3,3,0.662,0.294,4
494,58,F,Senior,Edu_Content,3,3,0.833,0.497,3
495,32,F,Working_Adult,Symptom_Diary,2,1,0.817,0.313,3
496,40,M,Multi_Morbidity,Reminder,4,4,0.856,0.518,3
497,60,F,Senior,Reminder,7,7,0.937,0.621,5
498,34,M,Working_Adult,Reminder,2,1,0.606,0.724,3
499,61,F,Senior,Reminder,2,2,0.796,0.644,5
500,39,F,Working_Adult,Reminder,10,7,0.975,0.714,4
501,51,F,Senior,BP_Log,3,3,0.936,0.762,3
502,57,M,Senior,Reminder,6,5,0.97,0.592,5
503,37,M,Working_Adult,Symptom_Diary,4,4,0.773,0.34,4
504,61,M,Senior,Teleconsult,10,7,0.983,0.453,4
505,33,M,Working_Adult,BP_Log,4,3,0.813,0.769,5
506,35,M,Working_Adult,Edu_Content,2,1,0.574,0.419,4
507,50,M,Working_Adult,Edu_Content,3,2,0.689,0.34,4
508,63,M,Senior,Edu_Content,4,3,0.851,0.606,4
509,73,M,Senior,Reminder,2,2,0.833,0.636,4
510,69,F,Senior,Teleconsult,5,4,0.793,0.476,4
511,39,F,Working_Adult,BP_Log,3,3,0.894,0.639,5
512,43,M,Working_Adult,Edu_Content,2,1,0.592,0.568,4
513,60,F,Senior,Reminder,7,7,0.902,0.571,5
514,54,M,Senior,Teleconsult,5,4,0.903,0.506,5
515,63,F,Senior,Teleconsult,5,5,0.841,0.455,5
516,72,F,Senior,BP_Log,8,7,0.946,0.675,4
517,42,F,Working_Adult,Reminder,4,3,0.878,0.577,5
518,58,F,Senior,Refill_Reminder,1,1,0.544,0.424,3
519,49,F,Multi_Morbidity,BP_Log,3,2,0.626,0.567,4
520,39,M,Working_Adult,Reminder,4,3,0.743,0.419,4
521,30,F,Working_Adult,Teleconsult,3,2,0.839,0.507,3
522,30,M,Working_Adult,Edu_Content,5,4,0.78,0.479,4
523,49,M,Multi_Morbidity,Reminder,2,2,0.656,0.229,3
524,46,M,Working_Adult,Refill_Reminder,2,1,0.638,0.311,3
525,66,F,Senior,Edu_Content,3,3,0.787,0.569,4
526,73,F,Senior,BP_Log,5,5,0.885,0.52,4
527,46,F,Working_Adult,Edu_Content,3,3,0.909,0.438,5
528,41,F,Working_Adult,Edu_Content,3,2,0.681,0.355,3
529,61,Other,Senior,Edu_Content,7,6,0.838,0.484,4
530,43,F,Working_Adult,Reminder,4,3,0.825,0.533,4
531,52,F,Multi_Morbidity,Edu_Content,9,7,0.981,0.495,5
532,71,F,Senior,Edu_Content,4,4,0.684,0.329,3
533,29,F,Working_Adult,Reminder,8,7,0.934,0.585,4
534,38,F,Working_Adult,Reminder,6,6,0.874,0.479,3
535,48,M,Working_Adult,Reminder,1,0,0.345,0.339,4
536,36,F,Working_Adult,Reminder,3,3,0.746,0.472,4
537,68,M,Senior,Refill_Reminder,7,7,0.887,0.556,4
538,44,M,Working_Adult,Reminder,4,3,0.832,0.61,5
539,39,M,Working_Adult,Reminder,6,6,0.899,0.641,4
540,40,M,Working_Adult,Edu_Content,4,3,0.686,0.402,3
541,34,M,Working_Adult,Reminder,5,4,0.854,0.552,5
542,53,F,Working_Adult,Symptom_Diary,3,2,0.745,0.517,3
543,62,Other,Multi_Morbidity,Edu_Content,3,3,0.897,0.486,4
544,30,F,Working_Adult,Reminder,2,2,0.881,0.729,4
545,48,F,Multi_Morbidity,BP_Log,3,2,0.891,0.456,3
546,32,F,Working_Adult,Reminder,2,1,0.698,0.693,4
547,50,M,Multi_Morbidity,BP_Log,5,4,0.745,0.655,5
548,74,M,Senior,BP_Log,8,7,0.974,0.436,3
549,43,M,Working_Adult,Reminder,5,5,0.899,0.592,4
550,71,M,Multi_Morbidity,Symptom_Diary,6,6,0.873,0.682,5
551,40,M,Working_Adult,Edu_Content,6,6,0.9,0.654,3
552,35,F,Working_Adult,Reminder,2,1,0.674,0.463,5
553,42,F,Working_Adult,Reminder,2,1,0.673,0.631,5
554,64,F,Multi_Morbidity,Edu_Content,3,2,0.715,0.425,4
555,60,F,Senior,Edu_Content,11,7,0.985,0.472,4
556,57,M,Multi_Morbidity,Reminder,3,3,0.498,0.514,2
557,71,F,Senior,BP_Log,4,3,0.96,0.798,5
558,30,M,Working_Adult,Teleconsult,3,3,0.593,0.498,5
559,48,F,Working_Adult,Reminder,4,4,0.764,0.395,4
560,38,F,Working_Adult,Reminder,1,1,0.532,0.669,4
561,46,M,Working_Adult,Reminder,4,4,0.814,0.763,5
562,64,F,Multi_Morbidity,Symptom_Diary,5,4,0.776,0.274,3
563,37,F,Working_Adult,Reminder,1,0,0.495,0.546,3
564,59,M,Senior,Symptom_Diary,5,5,0.847,0.404,4
565,25,M,Working_Adult,Reminder,0,0,0.702,0.785,5
566,74,M,Senior,Reminder,4,3,0.821,0.514,2
567,38,F,Working_Adult,Edu_Content,4,4,0.746,0.641,4
568,26,M,Working_Adult,Edu_Content,4,3,0.655,0.323,4
569,45,F,Working_Adult,Edu_Content,2,2,0.785,0.504,4
570,40,F,Working_Adult,Refill_Reminder,4,3,0.581,0.277,3
571,55,F,Senior,Edu_Content,6,6,0.898,0.616,5
572,72,M,Senior,BP_Log,2,1,0.789,0.752,4
573,31,M,Working_Adult,Reminder,3,3,0.79,0.792,4
574,45,F,Working_Adult,Reminder,3,3,0.607,0.658,5
575,50,M,Working_Adult,BP_Log,8,7,0.952,0.715,4
576,39,M,Multi_Morbidity,Reminder,6,5,0.895,0.59,4
577,63,M,Senior,BP_Log,3,2,0.774,0.545,4
578,30,M,Working_Adult,Reminder,1,0,0.673,0.6,4
579,58,F,Senior,BP_Log,6,5,0.84,0.62,4
580,62,M,Multi_Morbidity,BP_Log,3,2,0.756,0.527,4
581,34,F,Working_Adult,Teleconsult,3,2,0.673,0.395,5
582,69,F,Senior,Reminder,5,5,0.901,0.63,3
583,65,M,Senior,Reminder,3,3,0.829,0.765,4
584,61,M,Senior,Symptom_Diary,4,4,0.801,0.511,4
585,62,F,Multi_Morbidity,Reminder,9,7,0.984,0.7,5
586,40,M,Working_Adult,Reminder,3,3,0.636,0.514,4
587,58,M,Senior,Teleconsult,7,6,0.926,0.376,3
588,33,F,Working_Adult,Edu_Content,3,2,0.883,0.56,4
589,37,F,Working_Adult,Reminder,3,2,0.846,0.601,4
590,54,M,Multi_Morbidity,Reminder,1,0,0.649,0.751,5
591,58,M,Multi_Morbidity,Edu_Content,2,1,0.867,0.494,4
592,44,M,Working_Adult,BP_Log,4,3,0.791,0.738,4
593,58,F,Multi_Morbidity,Reminder,6,6,0.923,0.497,4
594,58,M,Multi_Morbidity,Symptom_Diary,4,3,0.844,0.417,3
595,59,F,Multi_Morbidity,Teleconsult,4,4,0.786,0.324,3
596,22,M,Working_Adult,Edu_Content,4,3,0.857,0.346,4
597,55,F,Multi_Morbidity,Reminder,3,3,0.816,0.402,4
598,43,F,Working_Adult,Reminder,1,1,0.781,0.624,4
599,58,F,Multi_Morbidity,Refill_Reminder,6,6,0.912,0.465,4
600,72,M,Senior,Refill_Reminder,6,6,0.868,0.308,4
